GROUP,PACKAGE,CLASS,INSTRUCTION_MISSED,INSTRUCTION_COVERED,BRANCH_MISSED,BRANCH_COVERED,LINE_MISSED,LINE_COVERED,COMPLEXITY_MISSED,COMPLEXITY_COVERED,METHOD_MISSED,METHOD_COVERED
Spotify Web API Java Client,se.michaelthelin.spotify.requests.authorization,AbstractAuthorizationRequest.Builder,16,43,4,4,0,8,4,2,0,2
Spotify Web API Java Client,se.michaelthelin.spotify.requests.authorization,AbstractAuthorizationRequest,0,4,0,0,0,2,0,1,0,1
Spotify Web API Java Client,se.michaelthelin.spotify.requests.data.albums,GetSeveralAlbumsRequest.Builder,21,33,4,2,2,9,4,5,1,5
Spotify Web API Java Client,se.michaelthelin.spotify.requests.data.albums,GetAlbumsTracksRequest.Builder,20,65,6,6,0,15,6,8,0,8
Spotify Web API Java Client,se.michaelthelin.spotify.requests.data.albums,GetAlbumsTracksRequest,0,11,0,0,0,3,0,2,0,2
Spotify Web API Java Client,se.michaelthelin.spotify.requests.data.albums,GetSeveralAlbumsRequest,0,13,0,0,0,3,0,2,0,2
Spotify Web API Java Client,se.michaelthelin.spotify.requests.data.albums,GetAlbumRequest,0,12,0,0,0,3,0,2,0,2
Spotify Web API Java Client,se.michaelthelin.spotify.requests.data.albums,GetAlbumRequest.Builder,12,40,3,3,0,11,3,6,0,6
Spotify Web API Java Client,se.michaelthelin.spotify.requests.data.artists,GetArtistsTopTracksRequest.Builder,12,40,3,3,0,11,3,6,0,6
Spotify Web API Java Client,se.michaelthelin.spotify.requests.data.artists,GetArtistsRelatedArtistsRequest,0,13,0,0,0,3,0,2,0,2
Spotify Web API Java Client,se.michaelthelin.spotify.requests.data.artists,GetArtistRequest.Builder,8,31,2,2,0,9,2,5,0,5
Spotify Web API Java Client,se.michaelthelin.spotify.requests.data.artists,GetArtistRequest,0,12,0,0,0,3,0,2,0,2
Spotify Web API Java Client,se.michaelthelin.spotify.requests.data.artists,GetArtistsAlbumsRequest,0,11,0,0,0,3,0,2,0,2
Spotify Web API Java Client,se.michaelthelin.spotify.requests.data.artists,GetSeveralArtistsRequest.Builder,8,33,2,2,0,9,2,5,0,5
Spotify Web API Java Client,se.michaelthelin.spotify.requests.data.artists,GetSeveralArtistsRequest,0,13,0,0,0,3,0,2,0,2
Spotify Web API Java Client,se.michaelthelin.spotify.requests.data.artists,GetArtistsRelatedArtistsRequest.Builder,8,31,2,2,0,9,2,5,0,5
Spotify Web API Java Client,se.michaelthelin.spotify.requests.data.artists,GetArtistsTopTracksRequest,0,13,0,0,0,3,0,2,0,2
Spotify Web API Java Client,se.michaelthelin.spotify.requests.data.artists,GetArtistsAlbumsRequest.Builder,28,79,8,8,0,18,8,9,0,9
Spotify Web API Java Client,se.michaelthelin.spotify.requests.data.episodes,GetSeveralEpisodesRequest.Builder,12,42,3,3,0,11,3,6,0,6
Spotify Web API Java Client,se.michaelthelin.spotify.requests.data.episodes,GetSeveralEpisodesRequest,0,13,0,0,0,3,0,2,0,2
Spotify Web API Java Client,se.michaelthelin.spotify.requests.data.episodes,GetEpisodeRequest.Builder,12,40,3,3,0,11,3,6,0,6
Spotify Web API Java Client,se.michaelthelin.spotify.requests.data.episodes,GetEpisodeRequest,0,12,0,0,0,3,0,2,0,2
Spotify Web API Java Client,se.michaelthelin.spotify.requests.data.personalization.simplified,GetUsersTopArtistsRequest.Builder,24,63,9,7,0,14,8,7,0,7
Spotify Web API Java Client,se.michaelthelin.spotify.requests.data.personalization.simplified,GetUsersTopTracksRequest.Builder,24,63,9,7,0,14,8,7,0,7
Spotify Web API Java Client,se.michaelthelin.spotify.requests.data.personalization.simplified,GetUsersTopArtistsRequest,0,11,0,0,0,3,0,2,0,2
Spotify Web API Java Client,se.michaelthelin.spotify.requests.data.personalization.simplified,GetUsersTopTracksRequest,0,11,0,0,0,3,0,2,0,2
Spotify Web API Java Client,se.michaelthelin.spotify.requests.data.playlists,ReorderPlaylistsItemsRequest,0,12,0,0,0,3,0,2,0,2
Spotify Web API Java Client,se.michaelthelin.spotify.requests.data.playlists,UploadCustomPlaylistCoverImageRequest,0,7,0,0,0,3,0,2,0,2
Spotify Web API Java Client,se.michaelthelin.spotify.requests.data.playlists,ChangePlaylistsDetailsRequest.Builder,24,75,6,6,0,18,6,9,0,9
Spotify Web API Java Client,se.michaelthelin.spotify.requests.data.playlists,RemoveItemsFromPlaylistRequest.Builder,28,67,7,7,0,17,7,7,0,7
Spotify Web API Java Client,se.michaelthelin.spotify.requests.data.playlists,GetPlaylistRequest,0,12,0,0,0,3,0,2,0,2
Spotify Web API Java Client,se.michaelthelin.spotify.requests.data.playlists,GetListOfUsersPlaylistsRequest.Builder,16,61,6,6,0,13,6,7,0,7
Spotify Web API Java Client,se.michaelthelin.spotify.requests.data.playlists,UploadCustomPlaylistCoverImageRequest.Builder,20,58,5,5,0,14,5,6,0,6
Spotify Web API Java Client,se.michaelthelin.spotify.requests.data.playlists,AddItemsToPlaylistRequest.Builder,36,99,9,11,0,23,9,10,0,9
Spotify Web API Java Client,se.michaelthelin.spotify.requests.data.playlists,RemoveItemsFromPlaylistRequest,0,12,0,0,0,3,0,2,0,2
Spotify Web API Java Client,se.michaelthelin.spotify.requests.data.playlists,GetPlaylistCoverImageRequest,0,12,0,0,0,3,0,2,0,2
Spotify Web API Java Client,se.michaelthelin.spotify.requests.data.playlists,GetPlaylistCoverImageRequest.Builder,8,31,2,2,0,9,2,5,0,5
Spotify Web API Java Client,se.michaelthelin.spotify.requests.data.playlists,GetPlaylistsItemsRequest,0,11,0,0,0,3,0,2,0,2
Spotify Web API Java Client,se.michaelthelin.spotify.requests.data.playlists,GetListOfCurrentUsersPlaylistsRequest.Builder,8,47,4,4,0,10,4,6,0,6
Spotify Web API Java Client,se.michaelthelin.spotify.requests.data.playlists,GetListOfUsersPlaylistsRequest,0,11,0,0,0,3,0,2,0,2
Spotify Web API Java Client,se.michaelthelin.spotify.requests.data.playlists,ChangePlaylistsDetailsRequest,0,7,0,0,0,3,0,2,0,2
Spotify Web API Java Client,se.michaelthelin.spotify.requests.data.playlists,GetPlaylistsItemsRequest.Builder,36,93,10,10,0,21,10,10,0,10
Spotify Web API Java Client,se.michaelthelin.spotify.requests.data.playlists,AddItemsToPlaylistRequest,0,12,0,0,0,3,0,2,0,2
Spotify Web API Java Client,se.michaelthelin.spotify.requests.data.playlists,GetListOfCurrentUsersPlaylistsRequest,0,11,0,0,0,3,0,2,0,2
Spotify Web API Java Client,se.michaelthelin.spotify.requests.data.playlists,CreatePlaylistRequest,0,12,0,0,0,3,0,2,0,2
Spotify Web API Java Client,se.michaelthelin.spotify.requests.data.playlists,CreatePlaylistRequest.Builder,24,75,6,6,0,18,6,9,0,9
Spotify Web API Java Client,se.michaelthelin.spotify.requests.data.playlists,GetPlaylistRequest.Builder,28,68,7,7,0,17,7,8,0,8
Spotify Web API Java Client,se.michaelthelin.spotify.requests.data.playlists,ReorderPlaylistsItemsRequest.Builder,40,89,10,10,0,22,10,9,0,9
Spotify Web API Java Client,se.michaelthelin.spotify.requests.data.playlists,ReplacePlaylistsItemsRequest.Builder,32,74,8,8,0,18,8,7,0,7
Spotify Web API Java Client,se.michaelthelin.spotify.requests.data.playlists,ReplacePlaylistsItemsRequest,0,7,0,0,0,3,0,2,0,2
Spotify Web API Java Client,se.michaelthelin.spotify.requests.data.browse,GetListOfCategoriesRequest,0,12,0,0,0,3,0,2,0,2
Spotify Web API Java Client,se.michaelthelin.spotify.requests.data.browse,GetListOfCategoriesRequest.Builder,32,86,9,9,0,19,9,8,0,8
Spotify Web API Java Client,se.michaelthelin.spotify.requests.data.browse,GetCategorysPlaylistsRequest,0,12,0,0,0,3,0,2,0,2
Spotify Web API Java Client,se.michaelthelin.spotify.requests.data.browse,GetListOfNewReleasesRequest,0,12,0,0,0,3,0,2,0,2
Spotify Web API Java Client,se.michaelthelin.spotify.requests.data.browse,GetRecommendationsRequest.Builder,1025,143,210,18,108,28,153,12,39,12
Spotify Web API Java Client,se.michaelthelin.spotify.requests.data.browse,GetListOfNewReleasesRequest.Builder,12,51,4,4,0,12,4,7,0,7
Spotify Web API Java Client,se.michaelthelin.spotify.requests.data.browse,GetListOfFeaturedPlaylistsRequest.Builder,36,96,10,10,0,21,10,9,0,9
Spotify Web API Java Client,se.michaelthelin.spotify.requests.data.browse,GetCategoryRequest.Builder,32,75,8,8,0,18,8,7,0,7
Spotify Web API Java Client,se.michaelthelin.spotify.requests.data.browse,GetCategorysPlaylistsRequest.Builder,20,65,6,6,0,15,6,8,0,8
Spotify Web API Java Client,se.michaelthelin.spotify.requests.data.browse,GetRecommendationsRequest,0,12,0,0,0,3,0,2,0,2
Spotify Web API Java Client,se.michaelthelin.spotify.requests.data.browse,GetCategoryRequest,0,12,0,0,0,3,0,2,0,2
Spotify Web API Java Client,se.michaelthelin.spotify.requests.data.browse,GetListOfFeaturedPlaylistsRequest,0,12,0,0,0,3,0,2,0,2
Spotify Web API Java Client,se.michaelthelin.spotify.requests.data.browse.miscellaneous,GetAvailableGenreSeedsRequest,0,28,0,0,0,9,0,2,0,2
Spotify Web API Java Client,se.michaelthelin.spotify.requests.data.browse.miscellaneous,GetAvailableGenreSeedsRequest.new TypeToken() {...},0,6,0,0,0,1,0,1,0,1
Spotify Web API Java Client,se.michaelthelin.spotify.requests.data.browse.miscellaneous,GetAvailableGenreSeedsRequest.Builder,0,16,0,0,0,5,0,3,0,3
Spotify Web API Java Client,se.michaelthelin.spotify.requests.data.search.simplified,SearchArtistsRequest,0,12,0,0,0,3,0,2,0,2
Spotify Web API Java Client,se.michaelthelin.spotify.requests.data.search.simplified,SearchTracksRequest,0,12,0,0,0,3,0,2,0,2
Spotify Web API Java Client,se.michaelthelin.spotify.requests.data.search.simplified,SearchAlbumsRequest.Builder,36,95,11,11,0,21,11,9,0,9
Spotify Web API Java Client,se.michaelthelin.spotify.requests.data.search.simplified,SearchEpisodesRequest,0,12,0,0,0,3,0,2,0,2
Spotify Web API Java Client,se.michaelthelin.spotify.requests.data.search.simplified,SearchPlaylistsRequest.Builder,36,95,11,11,0,21,11,9,0,9
Spotify Web API Java Client,se.michaelthelin.spotify.requests.data.search.simplified,SearchShowsRequest.Builder,36,95,11,11,0,21,11,9,0,9
Spotify Web API Java Client,se.michaelthelin.spotify.requests.data.search.simplified,SearchAlbumsRequest,0,12,0,0,0,3,0,2,0,2
Spotify Web API Java Client,se.michaelthelin.spotify.requests.data.search.simplified,SearchEpisodesRequest.Builder,36,95,11,11,0,21,11,9,0,9
Spotify Web API Java Client,se.michaelthelin.spotify.requests.data.search.simplified,SearchArtistsRequest.Builder,36,95,11,11,0,21,11,9,0,9
Spotify Web API Java Client,se.michaelthelin.spotify.requests.data.search.simplified,SearchShowsRequest,0,12,0,0,0,3,0,2,0,2
Spotify Web API Java Client,se.michaelthelin.spotify.requests.data.search.simplified,SearchPlaylistsRequest,0,12,0,0,0,3,0,2,0,2
Spotify Web API Java Client,se.michaelthelin.spotify.requests.data.search.simplified,SearchTracksRequest.Builder,36,95,11,11,0,21,11,9,0,9
Spotify Web API Java Client,se.michaelthelin.spotify.requests.data.follow.legacy,FollowPlaylistRequest,0,7,0,0,0,3,0,2,0,2
Spotify Web API Java Client,se.michaelthelin.spotify.requests.data.follow.legacy,UnfollowPlaylistRequest.Builder,16,45,4,4,0,12,4,6,0,6
Spotify Web API Java Client,se.michaelthelin.spotify.requests.data.follow.legacy,FollowPlaylistRequest.Builder,20,58,5,5,0,15,5,7,0,7
Spotify Web API Java Client,se.michaelthelin.spotify.requests.data.follow.legacy,UnfollowPlaylistRequest,0,7,0,0,0,3,0,2,0,2
Spotify Web API Java Client,se.michaelthelin.spotify.requests.data.tracks,GetAudioFeaturesForTrackRequest,0,12,0,0,0,3,0,2,0,2
Spotify Web API Java Client,se.michaelthelin.spotify.requests.data.tracks,GetTrackRequest.Builder,12,40,3,3,0,11,3,6,0,6
Spotify Web API Java Client,se.michaelthelin.spotify.requests.data.tracks,GetSeveralTracksRequest,0,13,0,0,0,3,0,2,0,2
Spotify Web API Java Client,se.michaelthelin.spotify.requests.data.tracks,GetTrackRequest,0,12,0,0,0,3,0,2,0,2
Spotify Web API Java Client,se.michaelthelin.spotify.requests.data.tracks,GetSeveralTracksRequest.Builder,12,42,3,3,0,11,3,6,0,6
Spotify Web API Java Client,se.michaelthelin.spotify.requests.data.tracks,GetAudioFeaturesForSeveralTracksRequest,0,13,0,0,0,3,0,2,0,2
Spotify Web API Java Client,se.michaelthelin.spotify.requests.data.tracks,GetAudioFeaturesForTrackRequest.Builder,8,31,2,2,0,9,2,5,0,5
Spotify Web API Java Client,se.michaelthelin.spotify.requests.data.tracks,GetAudioAnalysisForTrackRequest.Builder,8,31,2,2,0,9,2,5,0,5
Spotify Web API Java Client,se.michaelthelin.spotify.requests.data.tracks,GetAudioAnalysisForTrackRequest,0,12,0,0,0,3,0,2,0,2
Spotify Web API Java Client,se.michaelthelin.spotify.requests.data.tracks,GetAudioFeaturesForSeveralTracksRequest.Builder,8,33,2,2,0,9,2,5,0,5
Spotify Web API Java Client,se.michaelthelin.spotify.requests.data.player,GetCurrentUsersRecentlyPlayedTracksRequest,0,11,0,0,0,3,0,2,0,2
Spotify Web API Java Client,se.michaelthelin.spotify.requests.data.player,SeekToPositionInCurrentlyPlayingTrackRequest,0,7,0,0,0,3,0,2,0,2
Spotify Web API Java Client,se.michaelthelin.spotify.requests.data.player,ToggleShuffleForUsersPlaybackRequest,0,7,0,0,0,3,0,2,0,2
Spotify Web API Java Client,se.michaelthelin.spotify.requests.data.player,SkipUsersPlaybackToNextTrackRequest,0,7,0,0,0,3,0,2,0,2
Spotify Web API Java Client,se.michaelthelin.spotify.requests.data.player,StartResumeUsersPlaybackRequest,0,7,0,0,0,3,0,2,0,2
Spotify Web API Java Client,se.michaelthelin.spotify.requests.data.player,SkipUsersPlaybackToNextTrackRequest.Builder,8,35,2,2,0,10,2,5,0,5
Spotify Web API Java Client,se.michaelthelin.spotify.requests.data.player,GetUsersAvailableDevicesRequest.Builder,0,16,0,0,0,5,0,3,0,3
Spotify Web API Java Client,se.michaelthelin.spotify.requests.data.player,SetVolumeForUsersPlaybackRequest.Builder,16,53,5,5,0,13,5,6,0,6
Spotify Web API Java Client,se.michaelthelin.spotify.requests.data.player,TransferUsersPlaybackRequest,0,7,0,0,0,3,0,2,0,2
Spotify Web API Java Client,se.michaelthelin.spotify.requests.data.player,GetInformationAboutUsersCurrentPlaybackRequest.Builder,12,40,3,3,0,11,3,6,0,6
Spotify Web API Java Client,se.michaelthelin.spotify.requests.data.player,PauseUsersPlaybackRequest.Builder,8,35,2,2,0,10,2,5,0,5
Spotify Web API Java Client,se.michaelthelin.spotify.requests.data.player,GetTheUsersQueueRequest.Builder,0,16,0,0,0,5,0,3,0,3
Spotify Web API Java Client,se.michaelthelin.spotify.requests.data.player,SetRepeatModeOnUsersPlaybackRequest,0,7,0,0,0,3,0,2,0,2
Spotify Web API Java Client,se.michaelthelin.spotify.requests.data.player,AddItemToUsersPlaybackQueueRequest.Builder,16,49,4,4,0,13,4,6,0,6
Spotify Web API Java Client,se.michaelthelin.spotify.requests.data.player,GetUsersCurrentlyPlayingTrackRequest,0,12,0,0,0,3,0,2,0,2
Spotify Web API Java Client,se.michaelthelin.spotify.requests.data.player,SkipUsersPlaybackToPreviousTrackRequest,0,7,0,0,0,3,0,2,0,2
Spotify Web API Java Client,se.michaelthelin.spotify.requests.data.player,AddItemToUsersPlaybackQueueRequest,0,7,0,0,0,3,0,2,0,2
Spotify Web API Java Client,se.michaelthelin.spotify.requests.data.player,GetCurrentUsersRecentlyPlayedTracksRequest.Builder,16,55,5,5,0,13,5,7,0,7
Spotify Web API Java Client,se.michaelthelin.spotify.requests.data.player,GetInformationAboutUsersCurrentPlaybackRequest,0,12,0,0,0,3,0,2,0,2
Spotify Web API Java Client,se.michaelthelin.spotify.requests.data.player,GetUsersCurrentlyPlayingTrackRequest.Builder,12,40,3,3,0,11,3,6,0,6
Spotify Web API Java Client,se.michaelthelin.spotify.requests.data.player,SetRepeatModeOnUsersPlaybackRequest.Builder,24,49,8,4,0,13,6,6,0,6
Spotify Web API Java Client,se.michaelthelin.spotify.requests.data.player,GetUsersAvailableDevicesRequest,0,13,0,0,0,3,0,2,0,2
Spotify Web API Java Client,se.michaelthelin.spotify.requests.data.player,SetVolumeForUsersPlaybackRequest,0,7,0,0,0,3,0,2,0,2
Spotify Web API Java Client,se.michaelthelin.spotify.requests.data.player,ToggleShuffleForUsersPlaybackRequest.Builder,8,41,2,2,0,11,2,6,0,6
Spotify Web API Java Client,se.michaelthelin.spotify.requests.data.player,PauseUsersPlaybackRequest,0,7,0,0,0,3,0,2,0,2
Spotify Web API Java Client,se.michaelthelin.spotify.requests.data.player,TransferUsersPlaybackRequest.Builder,12,45,3,3,0,12,3,6,0,6
Spotify Web API Java Client,se.michaelthelin.spotify.requests.data.player,SeekToPositionInCurrentlyPlayingTrackRequest.Builder,16,48,4,4,0,13,4,6,0,6
Spotify Web API Java Client,se.michaelthelin.spotify.requests.data.player,GetTheUsersQueueRequest,0,12,0,0,0,3,0,2,0,2
Spotify Web API Java Client,se.michaelthelin.spotify.requests.data.player,StartResumeUsersPlaybackRequest.Builder,40,88,10,10,0,22,10,9,0,9
Spotify Web API Java Client,se.michaelthelin.spotify.requests.data.player,SkipUsersPlaybackToPreviousTrackRequest.Builder,8,35,2,2,0,10,2,5,0,5
Spotify Web API Java Client,se.michaelthelin.spotify.exceptions.detailed,BadGatewayException,12,0,0,0,6,0,3,0,3,0
Spotify Web API Java Client,se.michaelthelin.spotify.exceptions.detailed,BadRequestException,12,0,0,0,6,0,3,0,3,0
Spotify Web API Java Client,se.michaelthelin.spotify.exceptions.detailed,UnauthorizedException,12,0,0,0,6,0,3,0,3,0
Spotify Web API Java Client,se.michaelthelin.spotify.exceptions.detailed,NotFoundException,12,0,0,0,6,0,3,0,3,0
Spotify Web API Java Client,se.michaelthelin.spotify.exceptions.detailed,ServiceUnavailableException,12,0,0,0,6,0,3,0,3,0
Spotify Web API Java Client,se.michaelthelin.spotify.exceptions.detailed,InternalServerErrorException,12,0,0,0,6,0,3,0,3,0
Spotify Web API Java Client,se.michaelthelin.spotify.exceptions.detailed,ForbiddenException,12,0,0,0,6,0,3,0,3,0
Spotify Web API Java Client,se.michaelthelin.spotify.exceptions.detailed,TooManyRequestsException,26,0,0,0,12,0,6,0,6,0
Spotify Web API Java Client,se.michaelthelin.spotify.requests.data,AbstractDataPagingCursorbasedRequest.Builder,4,22,1,1,0,5,1,2,0,2
Spotify Web API Java Client,se.michaelthelin.spotify.requests.data,AbstractDataPagingRequest.Builder,4,22,1,1,0,5,1,2,0,2
Spotify Web API Java Client,se.michaelthelin.spotify.requests.data,AbstractDataRequest.Builder,8,24,2,2,0,6,2,2,0,2
Spotify Web API Java Client,se.michaelthelin.spotify.requests.data,AbstractDataPagingCursorbasedRequest,4,0,0,0,2,0,1,0,1,0
Spotify Web API Java Client,se.michaelthelin.spotify.requests.data,AbstractDataPagingRequest,4,0,0,0,2,0,1,0,1,0
Spotify Web API Java Client,se.michaelthelin.spotify.requests.data,AbstractDataRequest,0,4,0,0,0,2,0,1,0,1
Spotify Web API Java Client,se.michaelthelin.spotify.model_objects.specification,Album.Builder,0,99,0,0,0,38,0,20,0,20
Spotify Web API Java Client,se.michaelthelin.spotify.model_objects.specification,Show.JsonUtil,18,218,18,18,17,59,18,2,0,2
Spotify Web API Java Client,se.michaelthelin.spotify.model_objects.specification,Recommendations.JsonUtil,4,43,4,4,3,12,4,2,0,2
Spotify Web API Java Client,se.michaelthelin.spotify.model_objects.specification,SavedAlbum.Builder,0,19,0,0,0,6,0,4,0,4
Spotify Web API Java Client,se.michaelthelin.spotify.model_objects.specification,PlaylistTrack.Builder,0,29,0,0,0,10,0,6,0,6
Spotify Web API Java Client,se.michaelthelin.spotify.model_objects.specification,Track.JsonUtil,25,252,17,25,17,72,17,6,0,2
Spotify Web API Java Client,se.michaelthelin.spotify.model_objects.specification,AlbumSimplified.JsonUtil,18,192,11,21,11,59,11,7,0,2
Spotify Web API Java Client,se.michaelthelin.spotify.model_objects.specification,ExternalUrl,19,14,0,0,3,4,3,2,3,2
Spotify Web API Java Client,se.michaelthelin.spotify.model_objects.specification,Paging,47,53,0,0,2,16,2,8,2,8
Spotify Web API Java Client,se.michaelthelin.spotify.model_objects.specification,Disallows,16,11,0,0,2,4,2,2,2,2
Spotify Web API Java Client,se.michaelthelin.spotify.model_objects.specification,User.JsonUtil,7,167,7,21,6,53,7,9,0,2
Spotify Web API Java Client,se.michaelthelin.spotify.model_objects.specification,AudioFeatures.JsonUtil,20,226,20,20,19,60,20,2,0,2
Spotify Web API Java Client,se.michaelthelin.spotify.model_objects.specification,ResumePoint.JsonUtil,4,37,4,4,3,10,4,2,0,2
Spotify Web API Java Client,se.michaelthelin.spotify.model_objects.specification,Error.Builder,19,0,0,0,6,0,4,0,4,0
Spotify Web API Java Client,se.michaelthelin.spotify.model_objects.specification,Error.JsonUtil,40,0,8,0,13,0,6,0,2,0
Spotify Web API Java Client,se.michaelthelin.spotify.model_objects.specification,Artist,121,74,12,0,10,22,10,11,4,11
Spotify Web API Java Client,se.michaelthelin.spotify.model_objects.specification,SavedShow,27,12,0,0,4,4,4,1,4,1
Spotify Web API Java Client,se.michaelthelin.spotify.model_objects.specification,PlaylistSimplified.Builder,0,69,0,0,0,26,0,14,0,14
Spotify Web API Java Client,se.michaelthelin.spotify.model_objects.specification,Error,39,0,0,0,8,0,5,0,5,0
Spotify Web API Java Client,se.michaelthelin.spotify.model_objects.specification,Image,35,16,0,0,5,5,5,1,5,1
Spotify Web API Java Client,se.michaelthelin.spotify.model_objects.specification,ExternalId.JsonUtil,2,23,2,2,1,6,2,2,0,2
Spotify Web API Java Client,se.michaelthelin.spotify.model_objects.specification,Playlist.Builder,0,79,0,0,0,30,0,16,0,16
Spotify Web API Java Client,se.michaelthelin.spotify.model_objects.specification,Show.Builder,0,88,0,0,0,34,0,18,0,18
Spotify Web API Java Client,se.michaelthelin.spotify.model_objects.specification,Copyright.JsonUtil,4,37,4,4,3,11,4,2,0,2
Spotify Web API Java Client,se.michaelthelin.spotify.model_objects.specification,TrackSimplified.Builder,0,84,0,0,0,32,0,17,0,17
Spotify Web API Java Client,se.michaelthelin.spotify.model_objects.specification,ShowSimplified,204,64,14,0,28,17,26,1,19,1
Spotify Web API Java Client,se.michaelthelin.spotify.model_objects.specification,SavedShow.JsonUtil,12,39,4,4,6,11,4,2,0,2
Spotify Web API Java Client,se.michaelthelin.spotify.model_objects.specification,Recommendations,23,18,0,0,2,6,2,3,2,3
Spotify Web API Java Client,se.michaelthelin.spotify.model_objects.specification,PlayHistory.JsonUtil,13,53,5,5,7,15,5,2,0,2
Spotify Web API Java Client,se.michaelthelin.spotify.model_objects.specification,Cursor,19,8,0,0,3,3,3,1,3,1
Spotify Web API Java Client,se.michaelthelin.spotify.model_objects.specification,ResumePoint.Builder,0,19,0,0,0,6,0,4,0,4
Spotify Web API Java Client,se.michaelthelin.spotify.model_objects.specification,Album,186,130,16,0,13,38,12,19,4,19
Spotify Web API Java Client,se.michaelthelin.spotify.model_objects.specification,Track,186,128,14,0,14,37,14,17,7,17
Spotify Web API Java Client,se.michaelthelin.spotify.model_objects.specification,TrackSimplified.JsonUtil,23,195,15,19,15,54,15,4,0,2
Spotify Web API Java Client,se.michaelthelin.spotify.model_objects.specification,RecommendationsSeed.JsonUtil,8,84,8,8,7,23,8,2,0,2
Spotify Web API Java Client,se.michaelthelin.spotify.model_objects.specification,Followers,27,12,0,0,4,4,4,1,4,1
Spotify Web API Java Client,se.michaelthelin.spotify.model_objects.specification,Context.Builder,0,29,0,0,0,10,0,6,0,6
Spotify Web API Java Client,se.michaelthelin.spotify.model_objects.specification,RecommendationsSeed.Builder,0,39,0,0,0,14,0,8,0,8
Spotify Web API Java Client,se.michaelthelin.spotify.model_objects.specification,SavedTrack.JsonUtil,12,39,4,4,6,11,4,2,0,2
Spotify Web API Java Client,se.michaelthelin.spotify.model_objects.specification,Artist.JsonUtil,12,141,12,12,11,39,12,2,0,2
Spotify Web API Java Client,se.michaelthelin.spotify.model_objects.specification,AudioFeatures.Builder,0,99,0,0,0,38,0,20,0,20
Spotify Web API Java Client,se.michaelthelin.spotify.model_objects.specification,Recommendations.Builder,0,19,0,0,0,6,0,4,0,4
Spotify Web API Java Client,se.michaelthelin.spotify.model_objects.specification,PagingCursorbased.JsonUtil,102,0,16,0,32,0,10,0,2,0
Spotify Web API Java Client,se.michaelthelin.spotify.model_objects.specification,Episode.Builder,0,99,0,0,0,38,0,20,0,20
Spotify Web API Java Client,se.michaelthelin.spotify.model_objects.specification,ExternalId.Builder,0,14,0,0,0,4,0,3,0,3
Spotify Web API Java Client,se.michaelthelin.spotify.model_objects.specification,PagingCursorbased.Builder,0,39,0,0,0,14,0,8,0,8
Spotify Web API Java Client,se.michaelthelin.spotify.model_objects.specification,TrackSimplified,202,64,14,0,26,17,26,1,19,1
Spotify Web API Java Client,se.michaelthelin.spotify.model_objects.specification,RecommendationsSeed,59,28,0,0,8,8,8,1,8,1
Spotify Web API Java Client,se.michaelthelin.spotify.model_objects.specification,PlaylistSimplified.JsonUtil,13,163,13,15,12,46,13,3,0,2
Spotify Web API Java Client,se.michaelthelin.spotify.model_objects.specification,ResumePoint,21,18,0,0,2,6,2,3,2,3
Spotify Web API Java Client,se.michaelthelin.spotify.model_objects.specification,Followers.Builder,0,19,0,0,0,6,0,4,0,4
Spotify Web API Java Client,se.michaelthelin.spotify.model_objects.specification,Paging.JsonUtil,104,0,16,0,33,0,10,0,2,0
Spotify Web API Java Client,se.michaelthelin.spotify.model_objects.specification,Track.Builder,0,104,0,0,0,40,0,21,0,21
Spotify Web API Java Client,se.michaelthelin.spotify.model_objects.specification,ArtistSimplified.Builder,0,39,0,0,0,14,0,8,0,8
Spotify Web API Java Client,se.michaelthelin.spotify.model_objects.specification,TrackLink.Builder,0,34,0,0,0,12,0,7,0,7
Spotify Web API Java Client,se.michaelthelin.spotify.model_objects.specification,Category,90,32,12,0,10,10,10,5,4,5
Spotify Web API Java Client,se.michaelthelin.spotify.model_objects.specification,PlayHistory,35,16,0,0,5,5,5,1,5,1
Spotify Web API Java Client,se.michaelthelin.spotify.model_objects.specification,Image.JsonUtil,3,50,3,7,2,15,3,4,0,2
Spotify Web API Java Client,se.michaelthelin.spotify.model_objects.specification,ExternalUrl.JsonUtil,2,23,2,2,1,6,2,2,0,2
Spotify Web API Java Client,se.michaelthelin.spotify.model_objects.specification,AlbumSimplified,189,66,14,0,24,18,23,3,16,3
Spotify Web API Java Client,se.michaelthelin.spotify.model_objects.specification,PlayHistory.Builder,0,24,0,0,0,8,0,5,0,5
Spotify Web API Java Client,se.michaelthelin.spotify.model_objects.specification,AudioFeatures,170,130,14,0,10,38,11,19,4,19
Spotify Web API Java Client,se.michaelthelin.spotify.model_objects.specification,EpisodeSimplified.JsonUtil,25,217,18,20,18,61,18,3,0,2
Spotify Web API Java Client,se.michaelthelin.spotify.model_objects.specification,Image.Builder,0,24,0,0,0,8,0,5,0,5
Spotify Web API Java Client,se.michaelthelin.spotify.model_objects.specification,Category.Builder,0,29,0,0,0,10,0,6,0,6
Spotify Web API Java Client,se.michaelthelin.spotify.model_objects.specification,User,130,88,12,0,10,26,10,13,4,13
Spotify Web API Java Client,se.michaelthelin.spotify.model_objects.specification,Album.JsonUtil,24,245,20,20,19,69,20,2,0,2
Spotify Web API Java Client,se.michaelthelin.spotify.model_objects.specification,Disallows.JsonUtil,2,44,3,5,1,11,3,3,0,2
Spotify Web API Java Client,se.michaelthelin.spotify.model_objects.specification,PagingCursorbased,43,46,0,0,3,14,2,7,2,7
Spotify Web API Java Client,se.michaelthelin.spotify.model_objects.specification,EpisodeSimplified,229,72,16,0,30,19,29,1,21,1
Spotify Web API Java Client,se.michaelthelin.spotify.model_objects.specification,User.Builder,0,69,0,0,0,26,0,14,0,14
Spotify Web API Java Client,se.michaelthelin.spotify.model_objects.specification,Copyright,24,15,0,0,3,5,3,2,3,2
Spotify Web API Java Client,se.michaelthelin.spotify.model_objects.specification,PlaylistTrack.JsonUtil,13,97,7,11,7,24,7,4,0,2
Spotify Web API Java Client,se.michaelthelin.spotify.model_objects.specification,EpisodeSimplified.Builder,0,94,0,0,0,36,0,19,0,19
Spotify Web API Java Client,se.michaelthelin.spotify.model_objects.specification,PlaylistTrack,40,23,0,0,5,7,5,2,5,2
Spotify Web API Java Client,se.michaelthelin.spotify.model_objects.specification,Show,164,116,14,0,12,34,11,17,4,17
Spotify Web API Java Client,se.michaelthelin.spotify.model_objects.specification,Episode,183,130,16,0,13,38,12,19,4,19
Spotify Web API Java Client,se.michaelthelin.spotify.model_objects.specification,PlaylistSimplified,166,52,12,0,22,14,22,1,16,1
Spotify Web API Java Client,se.michaelthelin.spotify.model_objects.specification,Episode.JsonUtil,19,238,19,21,18,66,19,3,0,2
Spotify Web API Java Client,se.michaelthelin.spotify.model_objects.specification,Disallows.Builder,0,13,0,0,0,4,0,3,0,3
Spotify Web API Java Client,se.michaelthelin.spotify.model_objects.specification,ExternalId,19,8,0,0,3,3,3,1,3,1
Spotify Web API Java Client,se.michaelthelin.spotify.model_objects.specification,ShowSimplified.JsonUtil,17,204,17,17,16,55,17,2,0,2
Spotify Web API Java Client,se.michaelthelin.spotify.model_objects.specification,Context,72,23,6,0,12,7,10,2,7,2
Spotify Web API Java Client,se.michaelthelin.spotify.model_objects.specification,ArtistSimplified,117,28,12,0,15,8,16,1,10,1
Spotify Web API Java Client,se.michaelthelin.spotify.model_objects.specification,Playlist,140,102,12,0,10,30,10,15,4,15
Spotify Web API Java Client,se.michaelthelin.spotify.model_objects.specification,SavedShow.Builder,0,19,0,0,0,6,0,4,0,4
Spotify Web API Java Client,se.michaelthelin.spotify.model_objects.specification,Followers.JsonUtil,8,32,4,4,3,10,4,2,0,2
Spotify Web API Java Client,se.michaelthelin.spotify.model_objects.specification,ExternalUrl.Builder,0,14,0,0,0,4,0,3,0,3
Spotify Web API Java Client,se.michaelthelin.spotify.model_objects.specification,ArtistSimplified.JsonUtil,8,84,8,8,7,24,8,2,0,2
Spotify Web API Java Client,se.michaelthelin.spotify.model_objects.specification,TrackLink,51,24,0,0,7,7,7,1,7,1
Spotify Web API Java Client,se.michaelthelin.spotify.model_objects.specification,ShowSimplified.Builder,0,83,0,0,0,32,0,17,0,17
Spotify Web API Java Client,se.michaelthelin.spotify.model_objects.specification,Cursor.Builder,0,14,0,0,0,4,0,3,0,3
Spotify Web API Java Client,se.michaelthelin.spotify.model_objects.specification,Cursor.JsonUtil,2,25,2,4,1,8,2,3,0,2
Spotify Web API Java Client,se.michaelthelin.spotify.model_objects.specification,Paging.Builder,0,44,0,0,0,16,0,9,0,9
Spotify Web API Java Client,se.michaelthelin.spotify.model_objects.specification,TrackLink.JsonUtil,7,73,7,7,6,21,7,2,0,2
Spotify Web API Java Client,se.michaelthelin.spotify.model_objects.specification,Playlist.JsonUtil,14,189,14,18,13,54,14,4,0,2
Spotify Web API Java Client,se.michaelthelin.spotify.model_objects.specification,SavedAlbum,27,12,0,0,4,4,4,1,4,1
Spotify Web API Java Client,se.michaelthelin.spotify.model_objects.specification,Category.JsonUtil,6,61,6,6,5,17,6,2,0,2
Spotify Web API Java Client,se.michaelthelin.spotify.model_objects.specification,SavedAlbum.JsonUtil,12,39,4,4,6,11,4,2,0,2
Spotify Web API Java Client,se.michaelthelin.spotify.model_objects.specification,Artist.Builder,0,59,0,0,0,22,0,12,0,12
Spotify Web API Java Client,se.michaelthelin.spotify.model_objects.specification,SavedTrack.Builder,0,19,0,0,0,6,0,4,0,4
Spotify Web API Java Client,se.michaelthelin.spotify.model_objects.specification,SavedTrack,27,12,0,0,4,4,4,1,4,1
Spotify Web API Java Client,se.michaelthelin.spotify.model_objects.specification,Copyright.Builder,0,19,0,0,0,6,0,4,0,4
Spotify Web API Java Client,se.michaelthelin.spotify.model_objects.specification,AlbumSimplified.Builder,0,79,0,0,0,30,0,16,0,16
Spotify Web API Java Client,se.michaelthelin.spotify.model_objects.specification,Context.JsonUtil,6,62,6,6,5,18,6,2,0,2
Spotify Web API Java Client,se.michaelthelin.spotify.requests,AbstractRequest,30,259,5,16,6,60,7,20,2,14
Spotify Web API Java Client,se.michaelthelin.spotify.requests,AbstractRequest.Builder,80,322,22,24,0,77,22,19,0,18
Spotify Web API Java Client,se.michaelthelin.spotify.model_objects.credentials,AuthorizationCodeCredentials.Builder,0,34,0,0,0,12,0,7,0,7
Spotify Web API Java Client,se.michaelthelin.spotify.model_objects.credentials,AuthorizationCodeCredentials,116,39,16,0,11,12,12,6,4,6
Spotify Web API Java Client,se.michaelthelin.spotify.model_objects.credentials,ClientCredentials.JsonUtil,5,47,5,5,4,13,5,2,0,2
Spotify Web API Java Client,se.michaelthelin.spotify.model_objects.credentials,ClientCredentials,84,25,12,0,10,8,10,4,4,4
Spotify Web API Java Client,se.michaelthelin.spotify.model_objects.credentials,ClientCredentials.Builder,0,24,0,0,0,8,0,5,0,5
Spotify Web API Java Client,se.michaelthelin.spotify.model_objects.credentials,AuthorizationCodeCredentials.JsonUtil,6,70,6,8,5,20,6,3,0,2
Spotify Web API Java Client,se.michaelthelin.spotify.model_objects.credentials.error,AuthenticationError,86,0,10,0,15,0,12,0,7,0
Spotify Web API Java Client,se.michaelthelin.spotify.model_objects.credentials.error,AuthenticationError.Builder,19,0,0,0,6,0,4,0,4,0
Spotify Web API Java Client,se.michaelthelin.spotify.model_objects.credentials.error,AuthenticationError.JsonUtil,39,0,8,0,13,0,6,0,2,0
Spotify Web API Java Client,se.michaelthelin.spotify.requests.data.personalization,GetUsersTopArtistsAndTracksRequest,13,0,0,0,4,0,2,0,2,0
Spotify Web API Java Client,se.michaelthelin.spotify.requests.data.personalization,GetUsersTopArtistsAndTracksRequest.Builder,138,0,25,0,21,0,21,0,8,0
Spotify Web API Java Client,se.michaelthelin.spotify,SpotifyApiThreading,8,21,0,0,3,7,1,3,1,3
Spotify Web API Java Client,se.michaelthelin.spotify,Base64,1172,360,18,10,28,18,11,6,2,1
Spotify Web API Java Client,se.michaelthelin.spotify,SpotifyApi.Builder,40,47,0,0,16,16,8,7,8,7
Spotify Web API Java Client,se.michaelthelin.spotify,SpotifyHttpManager,486,109,57,6,103,41,50,3,13,3
Spotify Web API Java Client,se.michaelthelin.spotify,SpotifyApi,191,2070,1,3,50,354,20,114,19,113
Spotify Web API Java Client,se.michaelthelin.spotify,SpotifyHttpManager.Builder,35,8,0,0,14,2,7,2,7,2
Spotify Web API Java Client,se.michaelthelin.spotify.model_objects,AbstractModelObject.JsonUtil,38,287,11,27,14,67,11,21,1,12
Spotify Web API Java Client,se.michaelthelin.spotify.model_objects,AbstractModelObject.Builder,0,3,0,0,0,1,0,1,0,1
Spotify Web API Java Client,se.michaelthelin.spotify.model_objects,AbstractModelObject,4,7,1,1,0,4,1,2,0,2
Spotify Web API Java Client,se.michaelthelin.spotify.enums,ReleaseDatePrecision,3,63,0,2,1,12,1,4,1,3
Spotify Web API Java Client,se.michaelthelin.spotify.enums,AlbumGroup,3,70,0,2,1,13,1,4,1,3
Spotify Web API Java Client,se.michaelthelin.spotify.enums,AuthorizationScope,178,0,2,0,29,0,5,0,4,0
Spotify Web API Java Client,se.michaelthelin.spotify.enums,ProductType,3,77,0,2,1,14,1,4,1,3
Spotify Web API Java Client,se.michaelthelin.spotify.enums,Action,3,112,0,2,1,19,1,4,1,3
Spotify Web API Java Client,se.michaelthelin.spotify.enums,CurrentlyPlayingType,3,70,0,2,1,13,1,4,1,3
Spotify Web API Java Client,se.michaelthelin.spotify.enums,Modality,3,58,0,2,1,11,1,4,1,3
Spotify Web API Java Client,se.michaelthelin.spotify.enums,CopyrightType,3,56,0,2,1,11,1,4,1,3
Spotify Web API Java Client,se.michaelthelin.spotify.enums,AlbumType,0,66,0,2,0,13,0,5,0,4
Spotify Web API Java Client,se.michaelthelin.spotify.enums,ModelObjectType,0,108,0,2,0,19,0,5,0,4
Spotify Web API Java Client,se.michaelthelin.spotify.requests.data.library,RemoveAlbumsForCurrentUserRequest.Builder,20,55,5,5,0,14,5,6,0,6
Spotify Web API Java Client,se.michaelthelin.spotify.requests.data.library,CheckUsersSavedShowsRequest.Builder,8,33,2,2,0,9,2,5,0,5
Spotify Web API Java Client,se.michaelthelin.spotify.requests.data.library,CheckUsersSavedTracksRequest.Builder,8,33,2,2,0,9,2,5,0,5
Spotify Web API Java Client,se.michaelthelin.spotify.requests.data.library,GetUsersSavedShowsRequest,0,11,0,0,0,3,0,2,0,2
Spotify Web API Java Client,se.michaelthelin.spotify.requests.data.library,RemoveAlbumsForCurrentUserRequest,0,7,0,0,0,3,0,2,0,2
Spotify Web API Java Client,se.michaelthelin.spotify.requests.data.library,RemoveUsersSavedTracksRequest,0,7,0,0,0,3,0,2,0,2
Spotify Web API Java Client,se.michaelthelin.spotify.requests.data.library,RemoveUsersSavedTracksRequest.Builder,20,55,5,5,0,14,5,6,0,6
Spotify Web API Java Client,se.michaelthelin.spotify.requests.data.library,RemoveUsersSavedShowsRequest.Builder,24,64,6,6,0,16,6,7,0,7
Spotify Web API Java Client,se.michaelthelin.spotify.requests.data.library,CheckUsersSavedAlbumsRequest.Builder,8,33,2,2,0,9,2,5,0,5
Spotify Web API Java Client,se.michaelthelin.spotify.requests.data.library,CheckUsersSavedShowsRequest,0,15,0,0,0,3,0,2,0,2
Spotify Web API Java Client,se.michaelthelin.spotify.requests.data.library,CheckUsersSavedTracksRequest,0,15,0,0,0,3,0,2,0,2
Spotify Web API Java Client,se.michaelthelin.spotify.requests.data.library,SaveAlbumsForCurrentUserRequest.Builder,20,55,5,5,0,14,5,6,0,6
Spotify Web API Java Client,se.michaelthelin.spotify.requests.data.library,SaveAlbumsForCurrentUserRequest,0,7,0,0,0,3,0,2,0,2
Spotify Web API Java Client,se.michaelthelin.spotify.requests.data.library,SaveShowsForCurrentUserRequest,0,7,0,0,0,3,0,2,0,2
Spotify Web API Java Client,se.michaelthelin.spotify.requests.data.library,SaveTracksForUserRequest.Builder,20,55,5,5,0,14,5,6,0,6
Spotify Web API Java Client,se.michaelthelin.spotify.requests.data.library,GetUsersSavedShowsRequest.Builder,8,42,3,3,0,10,3,6,0,6
Spotify Web API Java Client,se.michaelthelin.spotify.requests.data.library,GetCurrentUsersSavedAlbumsRequest.Builder,12,51,4,4,0,12,4,7,0,7
Spotify Web API Java Client,se.michaelthelin.spotify.requests.data.library,GetUsersSavedTracksRequest.Builder,12,51,4,4,0,12,4,7,0,7
Spotify Web API Java Client,se.michaelthelin.spotify.requests.data.library,SaveTracksForUserRequest,0,7,0,0,0,3,0,2,0,2
Spotify Web API Java Client,se.michaelthelin.spotify.requests.data.library,GetCurrentUsersSavedAlbumsRequest,0,11,0,0,0,3,0,2,0,2
Spotify Web API Java Client,se.michaelthelin.spotify.requests.data.library,CheckUsersSavedAlbumsRequest,0,15,0,0,0,3,0,2,0,2
Spotify Web API Java Client,se.michaelthelin.spotify.requests.data.library,GetUsersSavedTracksRequest,0,11,0,0,0,3,0,2,0,2
Spotify Web API Java Client,se.michaelthelin.spotify.requests.data.library,SaveShowsForCurrentUserRequest.Builder,20,55,5,5,0,14,5,6,0,6
Spotify Web API Java Client,se.michaelthelin.spotify.requests.data.library,RemoveUsersSavedShowsRequest,0,7,0,0,0,3,0,2,0,2
Spotify Web API Java Client,se.michaelthelin.spotify.requests.data.search,SearchItemRequest.Builder,44,104,13,13,0,23,13,10,0,10
Spotify Web API Java Client,se.michaelthelin.spotify.requests.data.search,SearchItemRequest,0,12,0,0,0,3,0,2,0,2
Spotify Web API Java Client,se.michaelthelin.spotify.requests.data.users_profile,GetUsersProfileRequest.Builder,8,31,2,2,0,9,2,5,0,5
Spotify Web API Java Client,se.michaelthelin.spotify.requests.data.users_profile,GetUsersProfileRequest,0,12,0,0,0,3,0,2,0,2
Spotify Web API Java Client,se.michaelthelin.spotify.requests.data.users_profile,GetCurrentUsersProfileRequest,0,12,0,0,0,3,0,2,0,2
Spotify Web API Java Client,se.michaelthelin.spotify.requests.data.users_profile,GetCurrentUsersProfileRequest.Builder,0,16,0,0,0,5,0,3,0,3
Spotify Web API Java Client,se.michaelthelin.spotify.requests.authorization.authorization_code.pkce,AuthorizationCodePKCERefreshRequest.Builder,24,75,6,6,0,19,6,7,0,7
Spotify Web API Java Client,se.michaelthelin.spotify.requests.authorization.authorization_code.pkce,AuthorizationCodePKCERequest.Builder,36,99,9,9,0,24,9,9,0,9
Spotify Web API Java Client,se.michaelthelin.spotify.requests.authorization.authorization_code.pkce,AuthorizationCodePKCERequest,0,12,0,0,0,3,0,2,0,2
Spotify Web API Java Client,se.michaelthelin.spotify.requests.authorization.authorization_code.pkce,AuthorizationCodePKCERefreshRequest,0,12,0,0,0,3,0,2,0,2
Spotify Web API Java Client,se.michaelthelin.spotify.requests.data.search.simplified.special,SearchAlbumsSpecialRequest.Builder,28,81,9,9,0,18,9,8,0,8
Spotify Web API Java Client,se.michaelthelin.spotify.requests.data.search.simplified.special,SearchAlbumsSpecialRequest,0,12,0,0,0,3,0,2,0,2
Spotify Web API Java Client,se.michaelthelin.spotify.requests.data.follow,GetUsersFollowedArtistsRequest.Builder,20,59,6,6,0,14,6,7,0,7
Spotify Web API Java Client,se.michaelthelin.spotify.requests.data.follow,FollowPlaylistRequest,0,7,0,0,0,3,0,2,0,2
Spotify Web API Java Client,se.michaelthelin.spotify.requests.data.follow,GetUsersFollowedArtistsRequest,0,12,0,0,0,3,0,2,0,2
Spotify Web API Java Client,se.michaelthelin.spotify.requests.data.follow,CheckCurrentUserFollowsArtistsOrUsersRequest.Builder,21,48,6,4,0,12,5,6,0,6
Spotify Web API Java Client,se.michaelthelin.spotify.requests.data.follow,FollowPlaylistRequest.Builder,12,44,3,3,0,12,3,6,0,6
Spotify Web API Java Client,se.michaelthelin.spotify.requests.data.follow,UnfollowPlaylistRequest,0,7,0,0,0,3,0,2,0,2
Spotify Web API Java Client,se.michaelthelin.spotify.requests.data.follow,UnfollowArtistsOrUsersRequest.Builder,33,70,9,7,0,17,8,7,0,7
Spotify Web API Java Client,se.michaelthelin.spotify.requests.data.follow,FollowArtistsOrUsersRequest,0,7,0,0,0,3,0,2,0,2
Spotify Web API Java Client,se.michaelthelin.spotify.requests.data.follow,UnfollowArtistsOrUsersRequest,0,7,0,0,0,3,0,2,0,2
Spotify Web API Java Client,se.michaelthelin.spotify.requests.data.follow,CheckCurrentUserFollowsArtistsOrUsersRequest,0,15,0,0,0,3,0,2,0,2
Spotify Web API Java Client,se.michaelthelin.spotify.requests.data.follow,CheckUsersFollowPlaylistRequest,0,15,0,0,0,3,0,2,0,2
Spotify Web API Java Client,se.michaelthelin.spotify.requests.data.follow,CheckUsersFollowPlaylistRequest.Builder,24,61,6,6,0,15,6,7,0,7
Spotify Web API Java Client,se.michaelthelin.spotify.requests.data.follow,FollowArtistsOrUsersRequest.Builder,33,70,9,7,0,17,8,7,0,7
Spotify Web API Java Client,se.michaelthelin.spotify.requests.data.follow,UnfollowPlaylistRequest.Builder,8,31,2,2,0,9,2,5,0,5
Spotify Web API Java Client,se.michaelthelin.spotify.requests.authorization.authorization_code,AuthorizationCodeRequest.Builder,20,73,5,5,0,18,5,7,0,7
Spotify Web API Java Client,se.michaelthelin.spotify.requests.authorization.authorization_code,AuthorizationCodeUriRequest.Builder,99,116,17,11,7,27,16,11,2,11
Spotify Web API Java Client,se.michaelthelin.spotify.requests.authorization.authorization_code,AuthorizationCodeRefreshRequest.Builder,16,63,4,4,0,16,4,6,0,6
Spotify Web API Java Client,se.michaelthelin.spotify.requests.authorization.authorization_code,AuthorizationCodeUriRequest,0,7,0,0,0,3,0,2,0,2
Spotify Web API Java Client,se.michaelthelin.spotify.requests.authorization.authorization_code,AuthorizationCodeRefreshRequest,0,12,0,0,0,3,0,2,0,2
Spotify Web API Java Client,se.michaelthelin.spotify.requests.authorization.authorization_code,AuthorizationCodeRequest,0,12,0,0,0,3,0,2,0,2
Spotify Web API Java Client,se.michaelthelin.spotify.model_objects.special,AlbumSimplifiedSpecial.Builder,0,74,0,0,0,28,0,15,0,15
Spotify Web API Java Client,se.michaelthelin.spotify.model_objects.special,SearchResult,41,46,0,0,2,14,2,7,2,7
Spotify Web API Java Client,se.michaelthelin.spotify.model_objects.special,PlaylistTrackPosition.Builder,18,0,0,0,6,0,4,0,4,0
Spotify Web API Java Client,se.michaelthelin.spotify.model_objects.special,AlbumSimplifiedSpecial,187,56,14,0,25,15,24,1,17,1
Spotify Web API Java Client,se.michaelthelin.spotify.model_objects.special,SnapshotResult.Builder,0,14,0,0,0,4,0,3,0,3
Spotify Web API Java Client,se.michaelthelin.spotify.model_objects.special,SearchResult.JsonUtil,36,69,8,8,11,24,8,2,0,2
Spotify Web API Java Client,se.michaelthelin.spotify.model_objects.special,PlaybackQueue.Builder,0,19,0,0,0,6,0,4,0,4
Spotify Web API Java Client,se.michaelthelin.spotify.model_objects.special,Actions.Builder,0,13,0,0,0,4,0,3,0,3
Spotify Web API Java Client,se.michaelthelin.spotify.model_objects.special,SnapshotResult.JsonUtil,3,24,3,3,2,7,3,2,0,2
Spotify Web API Java Client,se.michaelthelin.spotify.model_objects.special,FeaturedPlaylists.Builder,0,19,0,0,0,6,0,4,0,4
Spotify Web API Java Client,se.michaelthelin.spotify.model_objects.special,SnapshotResult,16,11,0,0,2,4,2,2,2,2
Spotify Web API Java Client,se.michaelthelin.spotify.model_objects.special,Actions.JsonUtil,3,27,3,3,2,8,3,2,0,2
Spotify Web API Java Client,se.michaelthelin.spotify.model_objects.special,PlaybackQueue,21,18,0,0,2,6,2,3,2,3
Spotify Web API Java Client,se.michaelthelin.spotify.model_objects.special,Actions,16,11,0,0,2,4,2,2,2,2
Spotify Web API Java Client,se.michaelthelin.spotify.model_objects.special,PlaylistTrackPosition,72,0,6,0,15,0,10,0,7,0
Spotify Web API Java Client,se.michaelthelin.spotify.model_objects.special,FeaturedPlaylists.JsonUtil,4,38,4,4,3,11,4,2,0,2
Spotify Web API Java Client,se.michaelthelin.spotify.model_objects.special,FeaturedPlaylists,21,18,0,0,2,6,2,3,2,3
Spotify Web API Java Client,se.michaelthelin.spotify.model_objects.special,PlaybackQueue.JsonUtil,3,96,6,10,1,23,6,5,0,3
Spotify Web API Java Client,se.michaelthelin.spotify.model_objects.special,PlaylistTrackPosition.JsonUtil,44,0,8,0,14,0,6,0,2,0
Spotify Web API Java Client,se.michaelthelin.spotify.model_objects.special,SearchResult.Builder,0,39,0,0,0,14,0,8,0,8
Spotify Web API Java Client,se.michaelthelin.spotify.model_objects.special,AlbumSimplifiedSpecial.JsonUtil,24,170,15,15,15,49,15,2,0,2
Spotify Web API Java Client,se.michaelthelin.spotify.requests.data.shows,GetShowsEpisodesRequest.Builder,20,65,6,6,0,15,6,8,0,8
Spotify Web API Java Client,se.michaelthelin.spotify.requests.data.shows,GetSeveralShowsRequest,0,13,0,0,0,3,0,2,0,2
Spotify Web API Java Client,se.michaelthelin.spotify.requests.data.shows,GetShowRequest.Builder,12,40,3,3,0,11,3,6,0,6
Spotify Web API Java Client,se.michaelthelin.spotify.requests.data.shows,GetShowRequest,0,12,0,0,0,3,0,2,0,2
Spotify Web API Java Client,se.michaelthelin.spotify.requests.data.shows,GetSeveralShowsRequest.Builder,21,33,4,2,2,9,4,5,1,5
Spotify Web API Java Client,se.michaelthelin.spotify.requests.data.shows,GetShowsEpisodesRequest,0,11,0,0,0,3,0,2,0,2
Spotify Web API Java Client,se.michaelthelin.spotify.model_objects.miscellaneous,AudioAnalysisMeta.JsonUtil,9,93,9,9,8,25,9,2,0,2
Spotify Web API Java Client,se.michaelthelin.spotify.model_objects.miscellaneous,PlaylistTracksInformation.Builder,0,19,0,0,0,6,0,4,0,4
Spotify Web API Java Client,se.michaelthelin.spotify.model_objects.miscellaneous,AudioAnalysisMeasure.JsonUtil,5,49,5,5,4,13,5,2,0,2
Spotify Web API Java Client,se.michaelthelin.spotify.model_objects.miscellaneous,Restrictions,27,0,0,0,6,0,4,0,4,0
Spotify Web API Java Client,se.michaelthelin.spotify.model_objects.miscellaneous,AudioAnalysisSection,91,44,0,0,12,12,12,1,12,1
Spotify Web API Java Client,se.michaelthelin.spotify.model_objects.miscellaneous,CurrentlyPlayingContext.JsonUtil,13,169,13,17,11,42,13,4,0,2
Spotify Web API Java Client,se.michaelthelin.spotify.model_objects.miscellaneous,AudioAnalysis.Builder,0,44,0,0,0,16,0,9,0,9
Spotify Web API Java Client,se.michaelthelin.spotify.model_objects.miscellaneous,AudioAnalysisSection.JsonUtil,16,122,11,11,11,33,11,2,0,2
Spotify Web API Java Client,se.michaelthelin.spotify.model_objects.miscellaneous,Device,114,32,10,0,16,9,16,1,11,1
Spotify Web API Java Client,se.michaelthelin.spotify.model_objects.miscellaneous,CurrentlyPlaying.JsonUtil,10,132,10,14,8,32,10,4,0,2
Spotify Web API Java Client,se.michaelthelin.spotify.model_objects.miscellaneous,AudioAnalysisMeta.Builder,0,44,0,0,0,16,0,9,0,9
Spotify Web API Java Client,se.michaelthelin.spotify.model_objects.miscellaneous,CurrentlyPlayingContext,61,74,0,0,2,22,2,11,2,11
Spotify Web API Java Client,se.michaelthelin.spotify.model_objects.miscellaneous,AudioAnalysisSegment.JsonUtil,8,99,8,8,7,24,8,2,0,2
Spotify Web API Java Client,se.michaelthelin.spotify.model_objects.miscellaneous,CurrentlyPlaying,46,53,0,0,2,16,2,8,2,8
Spotify Web API Java Client,se.michaelthelin.spotify.model_objects.miscellaneous,Device.Builder,0,44,0,0,0,16,0,9,0,9
Spotify Web API Java Client,se.michaelthelin.spotify.model_objects.miscellaneous,AudioAnalysis,51,53,0,0,4,16,2,8,2,8
Spotify Web API Java Client,se.michaelthelin.spotify.model_objects.miscellaneous,CurrentlyPlaying.Builder,0,44,0,0,0,16,0,9,0,9
Spotify Web API Java Client,se.michaelthelin.spotify.model_objects.miscellaneous,AudioAnalysis.JsonUtil,9,116,9,9,8,32,9,2,0,2
Spotify Web API Java Client,se.michaelthelin.spotify.model_objects.miscellaneous,AudioAnalysisSegment.Builder,0,44,0,0,0,16,0,9,0,9
Spotify Web API Java Client,se.michaelthelin.spotify.model_objects.miscellaneous,PlaylistTracksInformation,27,12,0,0,4,4,4,1,4,1
Spotify Web API Java Client,se.michaelthelin.spotify.model_objects.miscellaneous,AudioAnalysisSection.Builder,0,59,0,0,0,22,0,12,0,12
Spotify Web API Java Client,se.michaelthelin.spotify.model_objects.miscellaneous,AudioAnalysisTrack.JsonUtil,42,306,28,28,27,83,28,2,0,2
Spotify Web API Java Client,se.michaelthelin.spotify.model_objects.miscellaneous,AudioAnalysisTrack.Builder,0,139,0,0,0,54,0,28,0,28
Spotify Web API Java Client,se.michaelthelin.spotify.model_objects.miscellaneous,CurrentlyPlayingContext.Builder,0,59,0,0,0,22,0,12,0,12
Spotify Web API Java Client,se.michaelthelin.spotify.model_objects.miscellaneous,Restrictions.Builder,14,0,0,0,4,0,3,0,3,0
Spotify Web API Java Client,se.michaelthelin.spotify.model_objects.miscellaneous,AudioAnalysisSegment,69,32,0,0,10,9,9,1,9,1
Spotify Web API Java Client,se.michaelthelin.spotify.model_objects.miscellaneous,AudioAnalysisMeasure.Builder,0,24,0,0,0,8,0,5,0,5
Spotify Web API Java Client,se.michaelthelin.spotify.model_objects.miscellaneous,Device.JsonUtil,9,94,9,9,8,25,9,2,0,2
Spotify Web API Java Client,se.michaelthelin.spotify.model_objects.miscellaneous,AudioAnalysisMeta,67,32,0,0,9,9,9,1,9,1
Spotify Web API Java Client,se.michaelthelin.spotify.model_objects.miscellaneous,Restrictions.JsonUtil,27,0,6,0,9,0,5,0,2,0
Spotify Web API Java Client,se.michaelthelin.spotify.model_objects.miscellaneous,AudioAnalysisTrack,216,111,0,0,27,29,27,2,27,2
Spotify Web API Java Client,se.michaelthelin.spotify.model_objects.miscellaneous,PlaylistTracksInformation.JsonUtil,4,36,4,4,3,10,4,2,0,2
Spotify Web API Java Client,se.michaelthelin.spotify.model_objects.miscellaneous,AudioAnalysisMeasure,35,16,0,0,5,5,5,1,5,1
Spotify Web API Java Client,se.michaelthelin.spotify.requests.authorization.client_credentials,ClientCredentialsRequest,0,12,0,0,0,3,0,2,0,2
Spotify Web API Java Client,se.michaelthelin.spotify.requests.authorization.client_credentials,ClientCredentialsRequest.Builder,8,48,2,2,0,13,2,5,0,5
Spotify Web API Java Client,se.michaelthelin.spotify.exceptions,SpotifyWebApiException,12,0,0,0,6,0,3,0,3,0
